Year,Hour,Ttb,DayTime,Month,Day,Tmin,Tmax,Lm,Ang
2017,10,21.9,8,1,1,17.6,27.3,0.01,81070 
2017,10,23.2,2,1,2,20.1,28.1,0.01,72944 
2017,9,22.9,3,1,3,20.3,27.1,0.01,100065 
2017,10,22.4,4,1,4,18.1,27.9,0.01,83777 
2017,10,21.7,5,1,5,16.1,27.2,0.01,81355 
2017,10,22.8,6,1,6,20.3,28.2,0.01,76814 
2017,15,21.3,7,1,7,16.1,28.2,0.01,75731 
2017,9,21.7,8,1,8,17.1,28.7,0.01,78395 
2017,9,21.4,2,1,9,16.8,28.1,0.01,84767 
2017,9,20.3,3,1,10,15.5,27.2,0.01,77491 
2017,10,21.0,4,1,11,16.1,28.5,0.01,83650 
2017,10,20.9,5,1,12,16.1,28.6,0.01,76995 
2017,8,21.7,6,1,13,16.1,29.4,0.01,72074 
2017,15,22.3,7,1,14,21.1,26.0,1,67706 
2017,11,22.7,8,1,15,21.1,26.7,0.01,71378 
2017,15,23.9,2,1,16,21.5,28.2,0.01,92291 
2017,10,22.5,3,1,17,19.3,27.9,0.01,87894 
2017,10,22.6,4,1,18,17.1,28.7,0.01,105457 
2017,10,21.1,5,1,19,15.1,29.4,0.01,113716 
2017,10,21.9,6,1,20,16.1,28.2,0.01,120881 
2017,20,21.8,7,1,21,17.3,26.8,0.01,120709 
2017,10,21.6,8,1,22,19.1,25.3,0.01,133660 
2017,10,21.5,2,1,23,17.7,26.3,0.01,133730 
2017,10,21.8,3,1,24,16.7,28.5,0.01,109663 
2017,11,22.2,4,1,25,17.5,29.2,0.01,109011 
2017,11,22.1,5,1,26,20.1,26.2,0.01,93020 
2017,10,19.8,6,1,27,15.1,26.0,0.01,82844 
2017,18,18.5,7,1,28,11.1,27.0,0.01,70850 
2017,18,19.5,8,1,29,13.2,29.0,0.01,73361 
2017,18,20.9,2,1,30,15.2,28.5,0.01,80330 
2017,17,20.4,3,1,31,14.1,28.3,0.01,110847 
2017,11,22.8,4,2,1,17.6,29.1,0.01,138598 
2017,17,24.1,5,2,2,22.3,28.2,0.01,151235 
2017,10,23.9,6,2,3,21.3,27.5,0.01,166325 
2017,14,24.6,7,2,4,19.4,30.8,0.01,172020 
2017,10,22.1,8,2,5,16.4,30.0,0.01,176187 
2017,10,18.4,2,2,6,11.2,29.3,0.01,169714 
2017,11,19.0,3,2,7,11.3,30.3,0.01,111814 
2017,10,21.0,4,2,8,13.8,31.5,0.01,83112 
2017,15,21.3,5,2,9,15.1,30.0,0.01,120783 
2017,11,21.7,6,2,10,16.1,28.7,0.01,153357 
2017,10,21.3,7,2,11,16.6,25.7,0.01,128594 
2017,10,21.2,8,2,12,17.9,26.2,0.01,118862 
2017,11,21.0,2,2,13,17.9,27.2,0.01,110586 
2017,10,20.7,3,2,14,15.4,26.7,0.01,108248 
2017,9,21.1,4,2,15,19.0,25.7,0.01,106212 
2017,11,19.7,5,2,16,12.1,28.5,0.01,104634 
2017,10,20.3,6,2,17,13.3,28.5,0.01,115580 
2017,10,21.4,7,2,18,15.4,29.8,0.01,117393 
2017,10,20.9,8,2,19,13.6,30.3,0.01,101998 
2017,11,22.4,2,2,20,16.1,30.4,0.01,119152 
2017,11,24.6,3,2,21,20.0,32.3,0.01,124184 
2017,16,25.3,4,2,22,20.1,32.3,0.01,138300 
2017,17,25.0,5,2,23,19.9,33.3,0.01,127993 
2017,10,23.8,6,2,24,17.1,31.3,0.01,143422 
2017,11,23.6,7,2,25,19.1,30.7,0.01,141271 
2017,10,22.3,8,2,26,18.1,29.0,0.01,135353 
2017,10,22.5,2,2,27,18.4,28.8,0.01,140637 
2017,10,22.7,3,2,28,19.8,28.4,0.01,152287 
2017,11,21.4,4,3,1,17.4,27.0,0.01,140451 
2017,11,22.0,5,3,2,17.8,28.3,0.01,139469 
2017,11,20.7,6,3,3,12.5,30.0,0.01,143989 
2017,16,20.8,7,3,4,12.2,32.1,0.01,138813 
2017,10,21.4,8,3,5,13.6,31.7,0.01,141131 
2017,10,22.8,2,3,6,15.2,33.3,0.01,145314 
2017,11,22.0,3,3,7,14.9,32.2,0.01,127070 
2017,9,21.8,4,3,8,14.5,31.5,0.01,113620 
2017,10,23.6,5,3,9,17.3,31.0,0.01,133185 
2017,11,23.4,6,3,10,16.2,32.5,0.01,138002 
2017,10,23.7,7,3,11,18.5,33.8,0.01,132308 
2017,10,25.4,8,3,12,20.1,33.0,0.01,129277 
2017,11,24.4,2,3,13,19.0,34.2,0.01,121471 
2017,10,25.1,3,3,14,21.1,35.0,2,113393 
2017,11,24.0,4,3,15,17.8,33.0,0.01,111663 
2017,10,24.6,5,3,16,19.3,32.0,7,115040 
2017,17,25.7,6,3,17,21.1,32.5,0.01,91681 
2017,11,25.9,7,3,18,20.8,32.5,0.01,126847 
2017,10,24.2,8,3,19,19.6,33.0,24,102747 
2017,11,23.8,2,3,20,20.1,32.4,42,94083 
2017,17,24.6,3,3,21,20.1,31.4,0.01,97083 
2017,11,25.4,4,3,22,20.0,32.0,0.01,98887 
2017,11,25.1,5,3,23,20.5,33.0,0.01,93554 
2017,10,25.6,6,3,24,19.4,33.7,0.01,91438 
2017,10,24.3,7,3,25,20.1,34.3,82,86418 
2017,11,24.7,8,3,26,19.9,31.2,1,83195 
2017,10,24.7,2,3,27,20.2,29.7,0.01,80196 
2017,11,24.0,3,3,28,18.1,30.7,0.01,75114 
2017,11,23.2,4,3,29,19.1,31.0,27,75568 
2017,11,23.8,5,3,30,21.2,31.0,7,66879 
2017,11,24.4,6,3,31,21.8,32.8,4,58134 
2017,17,23.4,7,4,1,21.3,29.0,10,48722 
2017,18,23.9,8,4,2,21.1,29.1,0.01,49647 
2017,11,24.7,2,4,3,21.6,29.0,0.01,59934 
2017,16,24.6,3,4,4,18.6,31.5,0.01,64724 
2017,17,24.1,4,4,5,20.3,30.3,0.01,41764 
2017,19,24.8,5,4,6,19.6,32.5,0.01,60239 
2017,19,25.4,6,4,7,20.7,32.0,0.01,66764 
2017,11,26.3,7,4,8,21.1,33.7,0.01,68650 
2017,19,25.8,8,4,9,20.6,32.2,0.01,81151 
2017,15,26.0,2,4,10,20.3,32.4,0.01,86809 
2017,10,26.6,3,4,11,20.8,33.7,0.01,81489 
2017,11,25.9,4,4,12,22.3,34.0,0.01,99023 
2017,11,25.1,5,4,13,22.1,33.0,0.01,99697 
2017,11,25.9,6,4,14,19.4,34.0,1,92464 
2017,9,25.4,7,4,15,19.4,34.2,0.01,107579 
2017,17,24.3,8,4,16,16.3,34.0,0.01,120114 
2017,18,24.8,2,4,17,18.3,32.5,0.01,132590 
2017,17,26.6,3,4,18,21.5,33.5,0.01,142273 
2017,11,26.7,4,4,19,22.0,33.0,0.01,127051 
2017,17,26.3,5,4,20,21.9,32.4,0.01,138243 
2017,10,26.0,6,4,21,20.6,32.6,0.01,141000 
2017,10,24.3,7,4,22,22.0,34.2,6,110405 
2017,11,24.1,8,4,23,21.2,29.5,7,64134 
2017,18,24.8,2,4,24,21.3,32.0,0.01,61492 
2017,19,25.4,3,4,25,21.7,31.0,2,62445 
2017,19,25.3,4,4,26,22.3,31.2,0.01,68193 
2017,10,25.1,5,4,27,22.0,32.1,0.01,59688 
2017,6,24.8,6,4,28,21.1,33.0,22,58808 
2017,6,22.8,7,4,29,21.1,29.2,2,59040 
2017,19,24.6,8,4,30,19.8,32.2,0.01,64176 
2017,19,26.6,2,5,1,22.4,32.2,0.01,61275 
2017,17,26.0,3,5,2,22.3,32.7,1,59630 
2017,19,26.3,4,5,3,22.2,31.2,4,60312 
2017,11,25.9,5,5,4,22.4,33.2,0.01,62362 
2017,6,24.4,6,5,5,22.1,31.3,11,63582 
2017,11,24.8,7,5,6,20.8,32.2,0.01,64401 
2017,11,25.2,8,5,7,19.6,31.7,0.01,59965 
2017,18,25.0,2,5,8,21.6,32.5,3,63932 
2017,17,24.6,3,5,9,21.6,32.1,18,63165 
2017,6,25.9,4,5,10,21.8,31.4,1,68645 
2017,6,25.4,5,5,11,22.1,31.1,0.01,53949 
2017,10,25.1,6,5,12,21.1,32.7,0.01,67693 
2017,10,25.6,7,5,13,22.3,32.2,0.01,70038 
2017,9,25.1,8,5,14,21.7,32.0,2,61964 
2017,10,25.7,2,5,15,22.5,30.2,4,70791 
2017,6,25.2,3,5,16,22.6,31.2,5,71131 
2017,6,23.8,4,5,17,23.1,26.3,21,69993 
2017,6,25.4,5,5,18,22.1,31.4,41,67217 
2017,6,25.4,6,5,19,22.4,29.5,6,72417 
2017,19,25.9,7,5,20,22.8,30.7,0.01,66368 
2017,19,25.8,8,5,21,23.1,31.0,1,72260 
2017,19,26.8,2,5,22,24.0,32.3,0.01,70026 
2017,17,25.8,3,5,23,23.1,31.2,0.01,64015 
2017,10,26.0,4,5,24,23.3,30.3,0.01,64225 
2017,11,24.4,5,5,25,22.4,30.2,34,62942 
2017,19,25.2,6,5,26,23.1,29.2,4,69875 
2017,19,25.2,7,5,27,22.1,29.4,15,62379 
2017,18,25.2,8,5,28,22.5,29.2,65,77276 
2017,17,25.0,2,5,29,22.9,29.2,9,79182 
2017,17,25.5,3,5,30,23.0,31.0,1,80736 
2017,17,26.2,4,5,31,23.1,31.3,1,71000 
2017,6,26.5,5,6,1,23.1,31.2,1,85920 
2017,6,26.5,6,6,2,23.1,31.7,1,70922 
2017,19,26.1,7,6,3,23.3,30.0,0.01,62449 
2017,11,26.1,8,6,4,23.8,30.0,0.01,62153 
2017,19,25.9,2,6,5,22.5,30.6,0.01,64920 
2017,17,25.8,3,6,6,22.3,31.0,0.01,47230 
2017,11,23.9,4,6,7,21.3,30.2,99,78421 
2017,6,24.6,5,6,8,21.6,29.5,14,62301 
2017,19,23.9,6,6,9,21.1,28.2,15,63537 
2017,6,24.0,7,6,10,22.5,27.5,9,47924 
2017,6,24.2,8,6,11,22.0,27.2,0.01,75469 
2017,10,24.8,2,6,12,23.3,28.3,11,76911 
2017,19,25.4,3,6,13,22.7,29.5,0.01,65579 
2017,11,25.3,4,6,14,22.5,30.3,6,76493 
2017,8,25.6,5,6,15,22.6,31.0,0.01,81574 
2017,10,26.1,6,6,16,22.1,32.2,0.01,73929 
2017,10,25.7,7,6,17,21.6,30.8,0.01,74509 
2017,6,25.1,8,6,18,22.1,29.6,6,70999 
2017,6,25.7,2,6,19,23.1,30.3,2,70681 
2017,19,24.6,3,6,20,22.1,30.3,0.01,70363 
2017,11,24.8,4,6,21,21.6,30.3,0.01,72433 
2017,6,25.6,5,6,22,22.6,31.0,0.01,72429 
2017,6,25.9,6,6,23,22.6,30.7,1,71963 
2017,10,23.0,7,6,24,22.1,26.0,58,62807 
2017,6,23.8,8,6,25,22.0,28.2,0.01,76493 
2017,6,24.8,2,6,26,21.5,29.5,0.01,76470 
2017,10,24.5,3,6,27,22.1,30.2,3,63780 
2017,6,24.4,4,6,28,21.6,29.3,4,66695 
2017,16,25.1,5,6,29,22.0,30.6,4,61618 
2017,17,24.6,6,6,30,22.3,28.3,0.01,57396 
2017,7,24.9,7,7,1,21.4,30.2,0.01,68195 
2017,8,25.3,8,7,2,22.1,29.5,9,90378 
2017,17,25.6,2,7,3,22.4,30.5,0.01,61963 
2017,19,24.1,3,7,4,21.9,28.0,14,63332 
2017,11,24.9,4,7,5,21.9,29.4,3,64702 
2017,19,23.8,5,7,6,21.4,27.2,21,61803 
2017,19,24.5,6,7,7,21.4,29.3,18,63157 
2017,19,25.2,7,7,8,22.2,31.0,9,62567 
2017,19,25.8,8,7,9,22.3,31.5,0.01,71491 
2017,19,25.6,2,7,10,23.3,29.2,0.01,74118 
2017,18,24.4,3,7,11,21.1,30.3,32,64796 
2017,10,25.3,4,7,12,22.5,30.9,7,96027 
2017,17,24.9,5,7,13,22.0,29.1,15,67123 
2017,17,24.9,6,7,14,22.9,27.7,28,68250 
2017,17,24.4,7,7,15,23.0,27.0,18,67432 
2017,15,24.0,8,7,16,23.3,26.2,18,68547 
2017,11,23.5,2,7,17,22.2,27.2,11,67352 
2017,18,23.8,3,7,18,22.1,27.1,10,80642 
2017,19,24.3,4,7,19,22.4,27.2,0.01,53385 
2017,19,24.6,5,7,20,22.6,29.3,1,57709 
2017,19,24.8,6,7,21,22.8,29.0,2,60614 
2017,19,24.1,7,7,22,22.7,27.0,9,62666 
2017,19,24.3,8,7,23,22.6,28.0,2,57034 
2017,17,24.3,2,7,24,23.5,26.0,7,59879 
2017,17,23.1,3,7,25,22.4,24.6,49,62723 
2017,9,23.2,4,7,26,22.1,25.5,43,68002 
2017,17,24.2,5,7,27,22.1,29.1,4,67096 
2017,17,24.9,6,7,28,22.8,28.7,24,65662 
2017,8,24.6,7,7,29,23.3,26.3,8,67304 
2017,17,25.2,8,7,30,23.4,27.7,8,63471 
2017,11,26.1,2,7,31,23.8,29.7,5,61070 
2017,13,26.2,3,8,1,23.1,29.4,7,103942 
2017,19,25.5,4,8,2,23.0,30.0,3,66129 
2017,17,25.2,5,8,3,23.4,29.2,0.01,60078 
2017,18,24.0,6,8,4,22.1,29.0,10,61886 
2017,19,24.9,7,8,5,22.8,29.2,8,66226 
2017,19,24.3,8,8,6,20.3,30.0,1,66009 
2017,10,24.8,2,8,7,23.1,30.0,7,63820 
2017,19,25.1,3,8,8,21.6,31.3,0.01,70665 
2017,19,25.3,4,8,9,22.3,30.4,1,71244 
2017,17,25.5,5,8,10,21.6,31.1,0.01,67236 
2017,14,25.3,6,8,11,21.8,32.0,1,73434 
2017,17,25.9,7,8,12,22.3,31.7,0.01,70740 
2017,20,26.5,8,8,13,22.3,33.0,0.01,71393 
2017,19,25.6,2,8,14,22.3,31.2,7,62301 
2017,17,26.1,3,8,15,22.8,32.0,0.01,70254 
2017,19,24.5,4,8,16,22.3,28.2,9,71258 
2017,11,25.5,5,8,17,23.2,30.2,0.01,67650 
2017,17,24.0,6,8,18,22.4,29.0,27,72996 
2017,7,25.2,7,8,19,22.7,30.2,0.01,65207 
2017,19,25.8,8,8,20,23.2,30.3,0.01,66692 
2017,19,25.6,2,8,21,23.3,30.2,0.01,68548 
2017,19,26.2,3,8,22,23.3,30.2,0.01,69732 
2017,19,25.8,4,8,23,24.2,29.4,0.01,67321 
2017,18,25.0,5,8,24,23.1,29.2,0.01,69005 
2017,17,25.3,6,8,25,23.4,28.5,1,65974 
2017,16,24.9,7,8,26,22.3,29.1,13,61591 
2017,19,23.1,8,8,27,21.5,26.5,65,63252 
2017,17,24.2,2,8,28,22.3,28.0,14,66099 
2017,16,25.0,3,8,29,22.8,29.0,3,66902 
2017,18,25.9,4,8,30,23.1,31.3,1,46322 
2017,17,24.9,5,8,31,23.0,29.7,4,51991 
2017,10,25.1,6,9,1,21.5,31.2,0.01,62845 
2017,19,25.4,7,9,2,23.1,30.1,0.01,69268 
2017,18,26.1,8,9,3,22.7,30.9,0.01,71339 
2017,17,25.0,2,9,4,22.8,29.7,1,71571 
2017,19,26.4,3,9,5,23.1,32.0,0.01,73248 
2017,18,25.1,4,9,6,22.9,29.2,1,69619 
2017,15,25.7,5,9,7,21.9,31.2,0.01,71986 
2017,11,26.2,6,9,8,22.5,32.2,0.01,59982 
2017,21,25.0,7,9,9,22.3,32.1,5,24648 
2017,18,24.6,8,9,10,21.5,31.2,0.01,37284 
2017,19,24.6,2,9,11,20.9,32.5,3,39969 
2017,17,24.2,3,9,12,21.8,31.2,9,42654 
2017,18,23.6,4,9,13,20.4,30.7,11,60265 
2017,17,22.2,5,9,14,21.2,23.4,2,38826 
2017,17,23.4,6,9,15,22.2,26.5,33,34577 
2017,18,25.1,7,9,16,22.3,29.2,4,30328 
2017,18,25.5,8,9,17,22.8,30.9,4,65531 
2017,18,25.0,2,9,18,22.5,31.2,7,65449 
2017,18,25.1,3,9,19,22.4,32.4,4,63628 
2017,17,24.7,4,9,20,22.0,32.2,8,31833 
2017,18,24.2,5,9,21,21.4,30.6,12,36026 
2017,17,23.4,6,9,22,21.4,29.0,12,40218 
2017,18,24.5,7,9,23,22.2,29.1,2,37097 
2017,17,24.7,8,9,24,22.8,28.1,2,42769 
2017,18,24.8,2,9,25,23.1,29.2,0.01,32660 
2017,18,25.1,3,9,26,22.1,30.1,1,40805 
2017,18,25.4,4,9,27,22.3,31.9,6,44307 
2017,18,25.0,5,9,28,21.7,31.2,0.01,65469 
2017,18,24.8,6,9,29,21.8,30.7,5,40592 
2017,17,24.8,7,9,30,21.8,30.9,67,39194 
2017,12,24.6,8,10,1,21.9,31.2,10,69526 
2017,17,23.6,2,10,2,22.1,27.2,6,66915 
2017,18,23.7,3,10,3,22.0,26.3,26,64828 
2017,18,24.6,4,10,4,21.8,30.0,1,79313 
2017,18,24.5,5,10,5,21.6,31.4,11,63279 
2017,18,24.3,6,10,6,22.1,29.0,0.01,69161 
2017,18,25.5,7,10,7,22.8,30.2,1,69103 
2017,20,25.1,8,10,8,20.3,32.0,0.01,67990 
2017,18,24.4,2,10,9,22.1,27.9,0.01,65930 
2017,18,25.2,3,10,10,22.9,29.0,3,71789 
2017,18,25.2,4,10,11,22.3,30.2,0.01,70659 
2017,18,25.0,5,10,12,22.2,30.3,8,72241 
2017,18,24.3,6,10,13,19.8,30.3,0.01,87255 
2017,7,24.2,7,10,14,20.1,30.3,0.01,121163 
2017,18,24.6,8,10,15,21.3,29.0,0.01,71937 
2017,18,24.8,2,10,16,22.1,29.0,0.01,73176 
2017,18,23.8,3,10,17,21.3,28.4,1,74822 
2017,18,24.6,4,10,18,22.1,29.1,0.01,74202 
2017,18,23.2,5,10,19,21.7,27.1,27,74317 
2017,18,24.4,6,10,20,19.9,30.0,0.01,74244 
2017,18,24.7,7,10,21,21.1,31.5,0.01,75791 
2017,18,25.1,8,10,22,22.1,29.3,1,78453 
2017,18,25.1,2,10,23,21.6,31.2,0.01,74905 
2017,11,24.1,3,10,24,20.3,29.2,0.01,80316 
2017,18,22.8,4,10,25,20.1,27.3,18,77069 
2017,18,23.0,5,10,26,19.2,28.6,0.01,74907 
2017,18,22.3,6,10,27,18.3,28.2,0.01,75775 
2017,18,22.9,7,10,28,17.6,28.5,0.01,78577 
2017,18,22.3,8,10,29,18.3,27.7,0.01,64082 
2017,11,21.9,2,10,30,17.6,26.7,0.01,105468 
2017,18,22.5,3,10,31,19.1,26.0,0.01,66622 
2017,18,21.8,4,11,1,20.2,24.1,29,80700 
2017,18,22.7,5,11,2,21.0,27.4,0.01,78332 
2017,18,20.1,6,11,3,15.0,26.6,0.01,78772 
2017,18,21.3,7,11,4,19.1,23.4,6,82356 
2017,18,22.7,8,11,5,20.4,27.3,2,83261 
2017,18,23.3,2,11,6,20.2,28.4,0.01,83782 
2017,9,23.5,3,11,7,19.6,29.8,1,92448 
2017,18,22.7,4,11,8,18.0,29.3,1,99217 
2017,9,22.3,5,11,9,18.3,28.3,0.01,95367 
2017,16,22.8,6,11,10,19.0,28.3,0.01,102064 
2017,17,23.0,7,11,11,17.0,29.3,0.01,102714 
2017,17,22.7,8,11,12,17.9,30.1,0.01,108710 
2017,9,23.1,2,11,13,17.5,30.2,0.01,106592 
2017,7,24.1,3,11,14,19.3,30.2,0.01,101699 
2017,9,24.4,4,11,15,21.3,28.6,0.01,98124 
2017,17,24.1,5,11,16,18.9,31.4,0.01,96981 
2017,6,24.2,6,11,17,19.2,31.2,0.01,107064 
2017,17,24.9,7,11,18,21.1,31.1,0.01,96904 
2017,17,23.0,8,11,19,22.0,25.2,17,78941 
2017,6,24.3,2,11,20,20.2,30.2,4,76563 
2017,16,23.9,3,11,21,19.4,30.1,0.01,80330 
2017,6,23.7,4,11,22,20.9,28.4,0.01,75753 
2017,17,22.1,5,11,23,19.2,26.0,0.01,83157 
2017,17,23.0,6,11,24,21.2,28.2,0.01,91921 
2017,17,22.6,7,11,25,19.6,26.8,0.01,82577 
2017,19,22.4,8,11,26,19.8,27.4,0.01,90398 
2017,16,23.4,2,11,27,20.7,27.9,0.01,114144 
2017,16,23.5,3,11,28,19.0,28.7,0.01,100622 
2017,17,23.6,4,11,29,20.0,27.4,0.01,99716 
2017,17,23.5,5,11,30,19.6,28.9,0.01,105423 
2017,6,23.5,6,12,1,19.6,28.5,0.01,123271 
2017,15,23.3,7,12,2,20.9,28.0,4,102517 
2017,17,22.8,8,12,3,20.8,26.4,6,85415 
2017,16,24.0,2,12,4,22.1,28.1,1,94914 
2017,15,23.1,3,12,5,21.6,26.8,0.01,99757 
2017,16,22.6,4,12,6,18.6,28.3,0.01,106208 
2017,17,22.6,5,12,7,17.1,28.6,0.01,106512 
2017,16,20.3,6,12,8,17.1,24.8,0.01,106522 
2017,16,18.9,7,12,9,16.2,24.5,0.01,99240 
2017,20,18.5,8,12,10,12.4,27.9,0.01,103812 
2017,17,21.0,2,12,11,15.7,28.2,0.01,124663 
2017,17,23.2,3,12,12,19.1,28.7,0.01,121560 
2017,17,22.5,4,12,13,17.4,28.9,2,118391 
2017,16,21.9,5,12,14,17.1,28.4,0.01,119057 
2017,15,21.0,6,12,15,15.4,28.1,0.01,129048 
2017,9,21.6,7,12,16,15.8,27.2,0.01,123149 
2017,8,20.0,8,12,17,17.0,24.2,0.01,125346 
2017,17,15.8,2,12,18,10.3,22.4,0.01,126531 
2017,17,15.0,3,12,19,9.9,21.8,0.01,95627 
2017,16,16.3,4,12,20,13.1,22.7,0.01,114060 
2017,17,18.6,5,12,21,15.8,23.6,0.01,117144 
2017,17,21.7,6,12,22,17.7,27.7,0.01,117101 
2017,16,21.4,7,12,23,16.2,29.3,0.01,118646 
2017,16,20.6,8,12,24,16.1,27.0,0.01,120259 
2017,17,19.7,2,12,25,17.4,24.1,0.01,116246 
2017,17,21.4,3,12,26,18.2,25.3,0.01,121403 
2017,17,23.1,4,12,27,20.3,26.5,0.01,119461 
2017,17,23.4,5,12,28,18.4,29.2,0.01,117041 
2017,9,22.4,6,12,29,18.4,27.9,0.01,120241 
2017,17,22.4,7,12,30,20.3,27.0,0.01,125449 
2017,17,20.8,8,12,31,19.1,25.1,0.01,125511 
2018,10,20.4,2,1,1,18.1,27.0,0.01,85124 
2018,10,20.7,3,1,2,14.3,26.9,0.01,81698 
2018,9,21.3,4,1,3,15.1,30.3,0.01,105068 
2018,10,21.3,5,1,4,16.2,28.6,0.01,89641 
2018,10,22.8,6,1,5,18.4,29.4,0.01,89490 
2018,10,23.8,7,1,6,20.1,31.2,0.01,89105 
2018,15,23.3,8,1,7,18.0,32.3,0.01,88605 
2018,9,24.0,2,1,8,19.0,33.0,0.01,95641 
2018,9,22.9,3,1,9,20.2,29.8,0.01,99178 
2018,9,20.6,4,1,10,18.1,26.5,0.01,91439 
2018,10,19.2,5,1,11,16.9,26.4,0.01,87832 
2018,10,18.4,6,1,12,15.0,24.9,0.01,80844 
2018,8,18.8,7,1,13,14.5,25.2,0.01,75678 
2018,15,19.9,8,1,14,14.4,26.5,0.01,71092 
2018,11,20.5,2,1,15,14.8,26.6,0.01,74947 
2018,15,20.8,3,1,16,14.3,30.2,0.01,96905 
2018,10,19.8,4,1,17,15.3,28.5,0.01,92289 
2018,10,20.9,5,1,18,14.2,28.3,0.01,110730 
2018,10,22.6,6,1,19,18.8,29.2,0.01,119402 
2018,10,22.0,7,1,20,18.0,26.5,0.01,126925 
2018,20,24.2,8,1,21,19.7,27.3,0.01,126745 
2018,10,23.2,2,1,22,19.3,29.2,0.01,140343 
2018,10,23.5,3,1,23,17.6,27.0,0.01,140416 
2018,10,23.9,4,1,24,19.3,29.2,0.01,115147 
2018,11,22.8,5,1,25,17.3,31.2,0.01,114462 
2018,11,23.2,6,1,26,17.8,30.2,0.01,97671 
2018,10,22.3,7,1,27,17.5,29.0,0.01,86986 
2018,18,23.1,8,1,28,18.0,31.2,0.01,74393 
2018,18,24.0,2,1,29,20.7,31.0,3,77029 
2018,18,23.6,3,1,30,20.4,29.9,0.01,84346 
2018,17,21.4,4,1,31,16.1,29.2,0.01,116389 
2018,11,21.3,5,2,1,17.6,28.1,0.01,145528 
2018,17,19.8,6,2,2,15.5,27.5,0.01,158797 
2018,10,19.4,7,2,3,16.2,27.9,0.01,174641 
2018,14,18.3,8,2,4,12.3,27.4,0.01,180621 
2018,10,17.3,2,2,5,10.6,24.8,0.01,184996 
2018,10,16.9,3,2,6,10.7,24.2,0.01,178199 
2018,11,17.0,4,2,7,9.1,26.2,0.01,117404 
2018,10,18.9,5,2,8,12.3,28.5,0.01,106384 
2018,15,18.8,6,2,9,12.1,29.6,0.01,126822 
2018,11,20.5,7,2,10,14.0,31.4,0.01,161025 
2018,10,22.3,8,2,11,17.4,29.2,0.01,135024 
2018,10,21.2,2,2,12,19.5,26.4,0.01,124806 
2018,11,20.6,3,2,13,18.0,27.3,0.01,116116 
2018,10,19.0,4,2,14,10.7,30.2,0.01,113660 
2018,9,20.7,5,2,15,12.9,34.3,0.01,111522 
2018,11,21.7,6,2,16,14.7,33.5,0.01,109866 
2018,10,21.9,7,2,17,15.1,30.0,0.01,121359 
2018,10,21.6,8,2,18,16.4,28.9,1,123263 
2018,10,24.1,2,2,19,18.3,32.8,0.01,107098 
2018,11,22.8,3,2,20,16.0,32.2,0.01,125110 
2018,11,22.8,4,2,21,16.1,32.9,0.01,130394 
2018,16,23.1,5,2,22,17.1,32.2,0.01,145215 
2018,17,23.6,6,2,23,17.4,32.0,0.01,134393 
2018,10,23.1,7,2,24,15.2,33.0,0.01,150593 
2018,11,22.1,8,2,25,16.1,31.0,0.01,148335 
2018,10,23.5,2,2,26,20.1,31.6,0.01,142121 
2018,10,23.2,3,2,27,15.9,29.5,0.01,147668 
2018,10,23.6,4,2,28,17.1,33.5,0.01,159902 
2018,11,24.8,5,3,1,20.1,33.5,0.01,147474 
2018,11,25.1,6,3,2,20.3,34.4,0.01,146443 
2018,11,24.9,7,3,3,20.6,35.4,0.01,151188 
2018,16,24.8,8,3,4,20.7,33.2,0.01,145753 
2018,10,25.2,2,3,5,20.2,36.2,0.01,148188 
2018,10,24.4,3,3,6,18.4,34.5,0.01,152580 
2018,11,23.5,4,3,7,16.4,33.7,0.01,133423 
2018,9,22.6,5,3,8,16.3,33.7,0.01,119301 
2018,10,23.1,6,3,9,20.3,27.8,0.01,139844 
2018,11,22.4,7,3,10,19.5,26.5,0.01,144903 
2018,10,22.1,8,3,11,18.5,28.0,0.01,138924 
2018,10,22.8,2,3,12,16.4,32.1,0.01,135741 
2018,11,23.4,3,3,13,15.4,33.2,0.01,127544 
2018,10,23.4,4,3,14,17.2,33.6,0.01,119063 
2018,11,21.8,5,3,15,20.6,32.0,23,117246 
2018,10,22.9,6,3,16,17.6,32.5,0.01,120792 
2018,17,24.3,7,3,17,18.9,33.1,5,96265 
2018,11,24.9,8,3,18,19.5,33.2,0.01,133190 
2018,10,24.5,2,3,19,18.7,34.4,0.01,107885 
2018,11,23.3,3,3,20,19.3,35.3,0.01,98787 
2018,17,23.6,4,3,21,19.4,31.0,0.01,101937 
2018,11,22.8,5,3,22,18.8,28.5,0.01,103831 
2018,11,21.5,6,3,23,16.3,29.4,0.01,98231 
2018,10,21.9,7,3,24,14.1,31.6,0.01,96010 
2018,10,22.6,8,3,25,14.8,32.5,0.01,101109 
2018,11,22.5,2,3,26,16.8,31.2,0.01,100666 
2018,10,23.5,3,3,27,17.6,31.2,0.01,105859 
2018,11,23.3,4,3,28,17.3,31.3,0.01,106662 
2018,11,22.7,5,3,29,19.3,31.2,0.01,102016 
2018,11,23.2,6,3,30,19.0,32.4,1,92293 
2018,11,24.0,7,3,31,19.4,31.9,5,61040 
2018,17,23.2,8,4,1,16.1,31.3,0.01,57005 
2018,18,23.8,2,4,2,16.1,32.0,0.01,59576 
2018,11,24.0,3,4,3,17.1,33.1,0.01,71921 
2018,16,24.7,4,4,4,18.8,33.5,0.01,67960 
2018,17,24.7,5,4,5,19.2,33.8,0.01,62647 
2018,19,25.7,6,4,6,21.4,34.0,3,63251 
2018,19,23.7,7,4,7,22.3,31.0,0.01,70102 
2018,11,22.9,8,4,8,20.3,29.0,0.01,72082 
2018,19,23.4,2,4,9,16.3,30.2,0.01,85209 
2018,15,23.7,3,4,10,16.5,34.2,0.01,91149 
2018,10,26.2,4,4,11,19.6,35.8,0.01,85564 
2018,11,27.0,5,4,12,21.2,38.0,0.01,103974 
2018,11,25.5,6,4,13,21.3,38.2,8,104682 
2018,11,26.2,7,4,14,20.2,38.1,0.01,97087 
2018,9,26.7,8,4,15,20.1,37.0,0.01,112958 
2018,17,27.1,2,4,16,20.2,35.2,0.01,126120 
2018,18,24.7,3,4,17,20.2,35.2,17,139220 
2018,17,23.9,4,4,18,20.3,34.3,19,149387 
2018,11,23.9,5,4,19,20.4,35.2,6,133404 
2018,17,25.3,6,4,20,20.1,35.5,0.01,145155 
2018,10,25.8,7,4,21,20.5,36.0,0.01,148050 
2018,10,25.5,8,4,22,20.2,37.0,0.01,115925 
2018,11,26.9,2,4,23,21.3,37.3,0.01,67341 
2018,18,26.2,3,4,24,22.5,37.4,0.01,64566 
2018,19,25.3,4,4,25,22.1,36.0,0.01,65568 
2018,19,24.1,5,4,26,22.2,36.0,0.01,71603 
2018,10,25.3,6,4,27,21.4,35.2,0.01,62672 
2018,6,25.8,7,4,28,20.2,35.0,0.01,61748 
2018,6,26.0,8,4,29,20.3,35.5,0.01,61992 
2018,19,24.7,2,4,30,22.0,33.5,4,67385 
2018,19,26.4,3,5,1,22.1,36.0,0.01,64339 
2018,17,26.4,4,5,2,22.7,35.3,0.01,62611 
2018,19,27.0,5,5,3,22.8,35.9,2,63328 
2018,11,24.2,6,5,4,19.4,32.8,3,65480 
2018,6,26.0,7,5,5,21.3,35.2,0.01,66762 
2018,11,25.4,8,5,6,21.9,34.1,77,67621 
2018,11,24.8,2,5,7,22.1,33.6,15,62964 
2018,18,26.1,3,5,8,22.5,34.3,0.01,67129 
2018,17,26.1,4,5,9,23.6,34.6,0.01,66323 
2018,6,24.4,5,5,10,20.3,36.2,30,72077 
2018,6,25.4,6,5,11,20.8,36.0,0.01,59344 
2018,10,25.9,7,5,12,20.4,36.8,0.01,71078 
2018,10,26.1,8,5,13,22.1,34.2,2,73540 
2018,9,26.8,2,5,14,22.1,35.7,0.01,65062 
2018,10,26.7,3,5,15,21.5,36.5,0.01,74331 
2018,6,26.0,4,5,16,23.1,36.0,0.01,74688 
2018,6,25.9,5,5,17,21.4,36.4,0.01,73492 
2018,6,24.9,6,5,18,21.0,35.9,11,70577 
2018,6,25.9,7,5,19,21.4,36.0,0.01,76038 
2018,19,25.5,8,5,20,22.6,35.8,0.01,69687 
2018,19,25.1,2,5,21,22.1,35.5,8,75873 
2018,19,25.1,3,5,22,21.3,35.0,0.01,73528 
2018,17,25.4,4,5,23,22.3,34.1,4,67215 
2018,10,25.4,5,5,24,22.6,35.4,0.01,67436 
2018,11,24.5,6,5,25,21.9,33.8,42,66089 
2018,19,26.0,7,5,26,22.2,35.4,0.01,73369 
2018,19,25.6,8,5,27,22.3,35.5,0.01,65497 
2018,18,25.3,2,5,28,22.7,35.2,1,81140 
2018,17,25.9,3,5,29,22.3,35.5,0.01,83141 
2018,17,26.4,4,5,30,23.0,36.6,2,84773 
2018,17,26.2,5,5,31,23.1,36.0,0.01,74550 
2018,6,25.8,6,6,1,22.9,34.8,7,90216 
2018,6,24.4,7,6,2,22.3,30.7,2,74468 
2018,19,22.3,8,6,3,21.7,25.0,40,65572 
2018,11,23.2,2,6,4,21.5,26.2,10,65261 
2018,19,24.7,3,6,5,22.8,31.5,2,68166 
2018,17,25.1,4,6,6,22.7,33.0,0.01,49592 
2018,11,24.8,5,6,7,22.9,31.9,1,82342 
2018,6,24.4,6,6,8,23.3,30.3,4,65416 
2018,19,25.0,7,6,9,22.4,30.3,50,66714 
2018,6,24.4,8,6,10,22.7,31.2,30,50321 
2018,6,23.7,2,6,11,22.6,27.3,14,79242 
2018,10,24.0,3,6,12,21.4,29.2,12,80756 
2018,19,25.3,4,6,13,23.0,31.6,0.01,68858 
2018,11,26.2,5,6,14,24.7,32.0,0.01,80317 
2018,8,25.5,6,6,15,23.8,31.0,7,85652 
2018,10,24.2,7,6,16,22.7,30.6,6,77626 
2018,10,24.4,8,6,17,22.5,31.1,11,78235 
2018,6,24.0,2,6,18,21.4,32.3,29,74549 
2018,6,24.6,3,6,19,22.7,33.0,2,74215 
2018,19,24.4,4,6,20,22.6,34.0,1,73881 
2018,11,24.9,5,6,21,22.2,33.2,2,76055 
2018,6,24.9,6,6,22,22.1,33.5,0.01,76050 
2018,6,26.0,7,6,23,22.6,32.3,0.01,75562 
2018,10,26.2,8,6,24,23.4,33.5,0.01,65947 
2018,6,25.0,2,6,25,21.8,34.5,0.01,80317 
2018,6,25.7,3,6,26,22.6,33.0,0.01,80294 
2018,10,24.8,4,6,27,21.3,32.2,8,66969 
2018,6,25.2,5,6,28,22.1,33.8,0.01,70029 
2018,16,25.4,6,6,29,21.8,35.0,0.01,64698 
2018,17,25.0,7,6,30,22.4,34.2,3,60266 
2018,7,24.9,8,7,1,21.3,34.6,8,71605 
2018,8,25.0,2,7,2,21.8,33.6,2,94897 
2018,17,25.0,3,7,3,21.8,33.2,9,65061 
2018,19,25.2,4,7,4,23.2,33.5,3,66499 
2018,11,24.8,5,7,5,22.4,33.0,3,67937 
2018,19,23.7,6,7,6,22.9,32.2,2,64893 
2018,19,24.1,7,7,7,22.1,31.0,7,66315 
2018,19,24.2,8,7,8,22.2,30.6,3,65695 
2018,19,23.0,2,7,9,22.1,31.2,2,75065 
2018,19,23.9,3,7,10,22.3,30.0,3,77823 
2018,18,24.0,4,7,11,22.1,31.2,3,68036 
2018,10,24.4,5,7,12,22.6,30.2,6,100829 
2018,17,23.7,6,7,13,22.4,30.1,28,70479 
2018,17,23.1,7,7,14,22.2,31.7,6,71662 
2018,17,23.3,8,7,15,22.0,30.0,23,70803 
2018,15,23.0,2,7,16,21.7,30.3,36,71975 
2018,11,23.3,3,7,17,22.2,29.6,5,70720 
2018,18,23.0,4,7,18,21.3,30.5,5,84674 
2018,19,23.3,5,7,19,22.1,31.8,5,56054 
2018,19,24.3,6,7,20,22.6,31.9,1,60595 
2018,19,24.8,7,7,21,23.1,31.6,4,63645 
2018,19,23.7,8,7,22,22.4,31.7,14,65799 
2018,19,22.9,2,7,23,22.0,29.6,51,59886 
2018,17,22.9,3,7,24,22.1,32.0,28,62873 
2018,17,24.7,4,7,25,22.8,32.5,5,65859 
2018,9,24.1,5,7,26,22.3,32.1,3,71402 
2018,17,23.9,6,7,27,21.9,31.5,4,70451 
2018,17,24.5,7,7,28,22.3,31.5,4,68945 
2018,8,25.0,8,7,29,22.5,32.3,0.01,70669 
2018,17,24.4,2,7,30,22.1,33.0,2,66644 
2018,11,24.9,3,7,31,22.5,32.3,1,64124 
2018,13,25.0,4,8,1,21.5,34.0,0.01,109139 
2018,19,24.6,5,8,2,22.0,32.5,3,69435 
2018,17,23.7,6,8,3,22.0,31.7,8,63082 
2018,18,24.2,7,8,4,22.1,32.3,5,64981 
2018,19,23.7,8,8,5,22.2,31.2,3,69538 
2018,19,23.6,2,8,6,21.3,30.2,6,69309 
2018,10,23.8,3,8,7,21.6,29.1,16,67011 
2018,19,24.3,4,8,8,22.1,29.8,2,74199 
2018,19,23.6,5,8,9,21.9,28.5,9,74807 
2018,17,23.4,6,8,10,22.1,31.0,4,70598 
2018,14,23.7,7,8,11,21.9,31.1,7,77106 
2018,17,23.6,8,8,12,22.1,31.9,5,74277 
2018,20,23.1,2,8,13,21.8,31.2,23,74963 
2018,19,22.7,3,8,14,22.0,28.2,34,65416 
2018,17,23.0,4,8,15,22.0,30.0,31,73767 
2018,19,23.3,5,8,16,21.9,30.5,22,74821 
2018,11,24.0,6,8,17,22.5,32.2,20,71033 
2018,17,24.1,7,8,18,21.8,33.0,27,76646 
2018,7,24.2,8,8,19,22.0,31.8,7,68467 
2018,19,24.2,2,8,20,22.0,31.3,1,70027 
2018,19,24.9,3,8,21,22.2,31.5,0.01,71976 
2018,19,24.1,4,8,22,22.9,32.3,3,73218 
2018,19,23.3,5,8,23,22.2,33.4,9,70687 
2018,18,24.4,6,8,24,22.1,32.5,16,72455 
2018,17,24.3,7,8,25,23.0,30.3,1,69273 
2018,16,22.9,8,8,26,22.0,29.0,35,64670 
2018,19,22.8,2,8,27,21.4,30.0,4,66414 
2018,17,23.9,3,8,28,21.6,31.3,7,69404 
2018,16,23.4,4,8,29,22.2,32.0,6,70247 
2018,18,23.8,5,8,30,22.0,32.5,3,48638 
2018,17,24.5,6,8,31,21.9,32.5,0.01,54591 
2018,10,24.9,7,9,1,22.1,31.9,1,65987 
2018,19,24.9,8,9,2,22.5,32.0,0.01,72731 
2018,18,23.6,2,9,3,20.7,30.9,1,74906 
2018,17,24.3,3,9,4,21.7,30.3,0.01,75150 
2018,19,24.7,4,9,5,21.8,31.1,1,76910 
2018,18,25.4,5,9,6,22.1,30.9,1,73100 
2018,15,24.5,6,9,7,21.7,30.2,4,75585 
2018,11,24.2,7,9,8,21.4,31.0,0.01,62981 
2018,21,24.5,8,9,9,21.7,30.3,1,46830 
2018,18,24.5,2,9,10,20.8,30.8,5,39148 
2018,19,24.1,3,9,11,22.6,31.3,14,41967 
2018,17,24.0,4,9,12,22.2,31.3,5,44787 
2018,18,23.6,5,9,13,21.2,32.5,8,63278 
2018,17,25.1,6,9,14,22.3,31.1,5,40767 
2018,17,24.6,7,9,15,22.0,32.5,2,36306 
2018,18,24.5,8,9,16,22.0,32.7,0.01,31844 
2018,18,24.4,2,9,17,22.2,33.4,8,68807 
2018,18,23.0,3,9,18,22.0,33.5,8,68722 
2018,18,23.7,4,9,19,21.0,30.4,0.01,66810 
2018,17,23.9,5,9,20,19.3,31.6,0.01,47749 
2018,18,23.5,6,9,21,19.8,32.6,14,48634 
2018,17,23.2,7,9,22,20.9,32.5,5,46251 
2018,18,24.2,8,9,23,20.9,33.5,0.01,46371 
2018,17,23.6,2,9,24,20.6,30.3,18,49185 
2018,18,24.3,3,9,25,21.1,31.3,3,48990 
2018,18,25.0,4,9,26,21.2,30.9,1,45701 
2018,18,24.4,5,9,27,22.1,31.4,4,48738 
2018,18,23.9,6,9,28,20.7,32.4,9,68743 
2018,18,24.0,7,9,29,19.7,31.8,16,48305 
2018,17,24.1,8,9,30,20.3,31.7,0.01,47817 
2018,12,24.4,2,10,1,22.2,29.7,0.01,73002 
2018,17,23.6,3,10,2,20.4,31.5,0.01,70261 
2018,18,23.1,4,10,3,21.0,30.0,0.01,68070 
2018,18,22.5,5,10,4,21.5,28.2,3,83279 
2018,18,24.0,6,10,5,19.2,31.0,0.01,66443 
2018,18,23.2,7,10,6,17.6,31.5,0.01,72619 
2018,18,22.8,8,10,7,17.3,31.3,0.01,72559 
2018,20,23.2,2,10,8,18.2,32.1,0.01,71389 
2018,18,23.5,3,10,9,19.0,32.0,0.01,69227 
2018,18,23.5,4,10,10,18.0,30.6,0.01,75379 
2018,18,24.3,5,10,11,19.6,31.5,0.01,74192 
2018,18,24.1,6,10,12,20.1,30.6,0.01,75853 
2018,18,24.3,7,10,13,21.1,33.7,0.01,91618 
2018,7,24.7,8,10,14,19.0,34.0,0.01,127221 
2018,18,24.9,2,10,15,20.2,35.0,22,75534 
2018,18,25.0,3,10,16,21.6,34.8,11,76835 
2018,18,25.8,4,10,17,23.0,34.6,3,78563 
2018,18,25.9,5,10,18,22.2,34.0,0.01,77912 
2018,18,24.5,6,10,19,21.3,29.0,4,78033 
2018,18,24.8,7,10,20,22.0,31.9,2,77956 
2018,18,25.0,8,10,21,20.3,33.6,0.01,79581 
2018,18,24.3,2,10,22,19.8,32.7,0.01,82376 
2018,18,24.1,3,10,23,20.1,33.5,0.01,78650 
2018,11,24.4,4,10,24,19.4,28.0,0.01,84331 
2018,18,24.3,5,10,25,18.3,32.3,0.01,80923 
2018,18,24.0,6,10,26,18.2,32.7,0.01,78652 
2018,18,24.1,7,10,27,20.7,32.8,0.01,79563 
2018,18,23.9,8,10,28,21.2,33.4,0.01,82506 
2018,18,23.9,2,10,29,18.7,31.6,0.01,67286 
2018,11,22.2,3,10,30,15.4,30.9,0.01,110742 
2018,18,20.4,4,10,31,13.7,31.2,0.01,69953 
2018,18,21.3,5,11,1,14.3,31.7,0.01,84735 
2018,18,22.9,6,11,2,15.8,31.8,0.01,82249 
2018,18,23.2,7,11,3,16.9,29.9,0.01,82710 
2018,18,23.8,8,11,4,18.5,30.0,0.01,86474 
2018,18,24.4,2,11,5,18.1,32.2,0.01,87424 
2018,18,24.4,3,11,6,18.4,32.8,0.01,87971 
2018,9,24.0,4,11,7,20.3,27.3,0.01,97070 
2018,18,25.2,5,11,8,22.1,27.2,0.01,104178 
2018,9,24.2,6,11,9,20.4,32.0,0.01,100135 
2018,16,22.6,7,11,10,17.1,31.8,0.01,107167 
2018,17,21.0,8,11,11,14.7,31.6,0.01,107849 
2018,17,22.7,2,11,12,15.6,31.3,0.01,114145 
2018,9,24.4,3,11,13,19.2,31.1,0.01,111922 
2018,7,24.1,4,11,14,17.1,30.4,0.01,106784 
2018,9,22.7,5,11,15,17.5,31.0,0.01,103031 
2018,17,22.1,6,11,16,15.5,32.7,0.01,101830 
2018,6,23.3,7,11,17,18.5,27.7,0.01,112418 
2018,17,22.4,8,11,18,21.4,24.5,1,101749 
2018,17,24.4,2,11,19,21.1,31.1,0.01,82888 
2018,6,22.9,3,11,20,17.2,31.8,0.01,80391 
2018,16,23.0,4,11,21,16.4,31.2,0.01,84346 
2018,6,23.9,5,11,22,19.0,31.1,0.01,79541 
2018,17,23.1,6,11,23,19.2,30.2,0.01,87315 
2018,17,23.0,7,11,24,18.1,29.6,0.01,96517 
2018,17,23.2,8,11,25,21.4,26.0,0.01,86706 
2018,19,23.3,2,11,26,21.3,26.6,0.01,94918 
2018,16,23.5,3,11,27,22.0,31.0,0.01,119851 
2018,16,23.4,4,11,28,18.3,31.3,0.01,105654 
2018,17,23.3,5,11,29,20.2,29.3,0.01,104701 
2018,17,24.1,6,11,30,19.1,31.8,0.01,110694 
2018,6,22.2,7,12,1,16.5,31.3,0.01,129434 
2018,15,23.2,8,12,2,18.0,32.0,0.01,107642 
2018,17,23.2,2,12,3,17.3,29.6,0.01,89686 
2018,16,23.7,3,12,4,19.0,32.1,0.01,99660 
2018,15,22.2,4,12,5,16.1,31.3,0.01,104744 
2018,16,22.6,5,12,6,17.4,30.3,0.01,111518 
2018,17,24.5,6,12,7,20.2,31.0,0.01,111837 
2018,16,24.0,7,12,8,19.0,31.4,0.01,111848 
2018,16,22.7,8,12,9,19.7,26.9,2,104202 
2018,20,22.8,2,12,10,18.3,31.3,0.01,109003 
2018,17,22.8,3,12,11,17.4,30.3,0.01,130897 
2018,17,22.3,4,12,12,17.1,30.6,0.01,127638 
2018,17,23.4,5,12,13,20.3,28.3,0.01,124311 
2018,16,23.7,6,12,14,20.3,27.8,0.01,125010 
2018,15,24.6,7,12,15,22.3,28.2,0.01,135500 
2018,9,24.4,8,12,16,20.3,29.2,0.01,129307 
2018,8,23.0,2,12,17,19.5,28.9,0.01,131613 
2018,17,23.0,3,12,18,20.1,30.0,0.01,132858 
2018,17,22.0,4,12,19,17.0,30.4,0.01,100408 
2018,16,22.8,5,12,20,17.1,31.1,0.01,119763 
2018,17,23.1,6,12,21,17.1,31.5,0.01,123001 
2018,17,22.3,7,12,22,16.1,28.6,0.01,122956 
2018,16,22.0,8,12,23,17.1,27.7,0.01,124578 
2018,16,23.4,2,12,24,19.1,28.1,0.01,126272 
2018,17,23.8,3,12,25,19.2,30.2,0.01,122058 
2018,17,24.2,4,12,26,18.5,30.3,0.01,127473 
2018,17,23.1,5,12,27,19.3,26.4,0.01,125434 
2018,17,23.0,6,12,28,20.9,26.3,0.01,122893 
2018,9,23.4,7,12,29,21.3,24.5,0.01,126253 
2018,17,22.8,8,12,30,21.2,28.0,0.01,131722 
2018,17,21.5,2,12,31,18.6,26.2,0.01,131786 
2019,10,21.0,3,1,1,18.4,24.5,0.01,92359 
2019,10,21.2,4,1,2,19.0,26.0,0.01,88642 
2019,9,22.0,5,1,3,19.1,28.1,0.01,113999 
2019,10,22.4,6,1,4,16.2,29.5,0.01,97261 
2019,10,23.2,7,1,5,18.1,30.5,0.01,97097 
2019,10,24.1,8,1,6,19.0,30.1,0.01,96679 
2019,15,21.2,2,1,7,15.8,29.5,0.01,96137 
2019,9,21.2,3,1,8,16.0,29.0,0.01,103771 
2019,9,21.3,4,1,9,14.7,29.6,0.01,107608 
2019,9,21.4,5,1,10,15.4,29.0,0.01,99211 
2019,10,21.6,6,1,11,14.2,29.7,0.01,101007 
2019,10,22.5,7,1,12,16.2,29.7,0.01,92971 
2019,8,22.2,8,1,13,16.3,29.5,0.01,93084 
2019,15,21.6,2,1,14,15.0,29.2,0.01,92419 
2019,11,21.6,3,1,15,14.3,29.5,0.01,107174 
2019,15,23.0,4,1,16,20.0,27.9,0.01,119193 
2019,10,23.4,5,1,17,18.4,28.4,0.01,118130 
2019,10,22.2,6,1,18,19.7,27.5,0.01,132876 
2019,10,22.8,7,1,19,18.0,29.2,0.01,140894 
2019,10,21.3,8,1,20,14.2,30.1,0.01,145964 
2019,20,22.0,2,1,21,16.1,29.5,0.01,139419 
2019,10,21.6,3,1,22,18.0,26.7,0.01,152273 
2019,10,20.2,4,1,23,15.8,25.9,0.01,152352 
2019,10,18.0,5,1,24,11.0,26.4,0.01,124934 
2019,11,17.8,6,1,25,10.0,28.3,0.01,124191 
2019,11,20.2,7,1,26,17.2,25.2,0.01,112322 
2019,10,19.4,8,1,27,13.2,27.0,0.01,104383 
2019,18,20.0,2,1,28,11.4,29.1,0.01,90759 
2019,18,20.5,3,1,29,13.2,29.1,0.01,100138 
2019,18,21.0,4,1,30,14.1,29.2,0.01,91516 
2019,17,20.0,5,1,31,12.5,29.5,0.01,126283 
2019,11,20.8,6,2,1,13.2,29.5,0.01,157898 
2019,17,21.2,7,2,2,14.3,30.6,0.01,172295 
2019,10,22.6,8,2,3,15.8,32.6,0.01,189486 
2019,14,23.3,2,2,4,17.3,32.0,0.01,195974 
2019,10,23.7,3,2,5,18.2,32.2,0.01,200721 
2019,10,23.7,4,2,6,17.2,32.1,0.01,193346 
2019,11,23.9,5,2,7,17.1,33.2,0.01,127384 
2019,10,24.4,6,2,8,17.5,34.0,0.01,115426 
2019,15,24.6,7,2,9,17.1,33.2,0.01,137602 
2019,11,23.1,8,2,10,15.1,33.5,0.01,174712 
2019,10,21.1,2,2,11,13.2,33.0,0.01,146501 
2019,10,21.4,3,2,12,14.9,29.5,0.01,135414 
2019,11,20.8,4,2,13,12.5,30.0,0.01,125985 
2019,10,20.5,5,2,14,13.0,30.4,0.01,123321 
2019,9,20.8,6,2,15,12.5,30.5,0.01,121002 
2019,11,21.5,7,2,16,13.5,32.7,0.01,119204 
2019,10,21.9,8,2,17,15.1,31.1,0.01,131675 
2019,10,22.7,2,2,18,17.3,29.8,0.01,133740 
2019,10,22.8,3,2,19,16.2,32.1,0.01,116201 
2019,11,24.4,4,2,20,18.9,32.7,0.01,135744 
2019,11,23.5,5,2,21,18.1,33.3,0.01,141477 
2019,16,23.3,6,2,22,16.9,33.0,0.01,157558 
2019,17,23.3,7,2,23,16.0,32.1,0.01,145816 
2019,10,24.0,8,2,24,17.6,32.3,0.01,163393 
2019,11,24.4,2,2,25,19.2,32.0,0.01,160944 
2019,10,22.9,3,2,26,15.2,31.8,0.01,154201 
2019,10,22.3,4,2,27,14.5,32.5,0.01,160220 
2019,10,22.8,5,2,28,14.4,33.1,0.01,173493 
2019,11,23.3,6,3,1,15.2,33.0,0.01,160009 
2019,11,23.1,7,3,2,15.2,33.0,0.01,158890 
2019,11,23.6,8,3,3,17.1,32.5,0.01,164039 
2019,16,24.5,2,3,4,18.0,32.5,0.01,158142 
2019,10,23.7,3,3,5,17.7,32.0,0.01,160784 
2019,10,23.7,4,3,6,17.1,33.7,0.01,165549 
2019,11,23.6,5,3,7,16.1,35.1,0.01,144764 
2019,9,23.5,6,3,8,18.2,33.0,0.01,129442 
2019,10,23.9,7,3,9,17.7,33.2,0.01,151731 
2019,11,23.7,8,3,10,17.3,32.7,0.01,157219 
2019,10,25.0,2,3,11,19.1,33.5,0.01,150732 
2019,10,25.2,3,3,12,21.9,32.5,0.01,147279 
2019,11,25.0,4,3,13,20.9,31.0,0.01,138385 
2019,10,25.1,5,3,14,19.2,32.0,0.01,129183 
2019,11,25.0,6,3,15,20.0,32.3,0.01,127212 
2019,10,24.8,7,3,16,18.2,32.2,0.01,131060 
2019,17,24.8,8,3,17,17.8,32.2,0.01,104448 
2019,11,22.9,2,3,18,16.0,33.7,0.01,144511 
2019,10,23.6,3,3,19,13.3,34.1,0.01,117055 
2019,11,24.2,4,3,20,16.2,33.2,0.01,107184 
2019,17,24.9,5,3,21,18.6,33.0,0.01,110602 
2019,11,25.0,6,3,22,21.2,33.1,11,112657 
2019,11,26.2,7,3,23,22.1,34.1,0.01,106581 
2019,10,25.0,8,3,24,20.3,30.7,7,104171 
2019,10,25.6,2,3,25,21.7,32.0,0.01,109703 
2019,11,24.1,3,3,26,18.2,32.0,0.01,109223 
2019,10,24.3,4,3,27,17.0,33.3,0.01,114857 
2019,11,25.1,5,3,28,19.1,33.0,0.01,115729 
2019,11,25.7,6,3,29,21.0,33.3,0.01,110688 
2019,11,24.8,7,3,30,21.0,32.1,8,100138 
2019,11,24.2,8,3,31,22.1,27.9,0.01,70196 
2019,17,25.9,2,4,1,21.2,30.5,0.01,71256 
2019,18,27.0,3,4,2,21.0,32.9,0.01,74470 
2019,11,26.7,4,4,3,21.7,31.7,28,78034 
2019,16,26.3,5,4,4,21.5,31.1,0.01,73737 
2019,17,26.7,6,4,5,20.3,33.0,0.01,76429 
2019,19,27.1,7,4,6,21.1,33.1,54,68627 
2019,19,26.7,8,4,7,20.0,33.3,0.01,76061 
2019,11,27.1,2,4,8,21.3,32.9,0.01,78209 
2019,19,27.3,3,4,9,21.2,33.3,31,92451 
2019,15,27.0,4,4,10,20.0,34.0,11,98897 
2019,10,27.7,5,4,11,20.3,35.0,0.01,92837 
2019,11,28.0,6,4,12,21.3,34.6,0.01,112811 
2019,11,29.0,7,4,13,23.6,34.4,0.01,113580 
2019,11,28.9,8,4,14,23.2,34.6,0.01,105340 
2019,9,28.2,2,4,15,22.6,33.7,0.01,122559 
2019,17,28.5,3,4,16,22.0,35.0,2,136840 
2019,18,27.8,4,4,17,22.2,33.3,8,151054 
2019,17,27.6,5,4,18,21.8,33.3,0.01,162085 
2019,11,28.3,6,4,19,23.5,33.1,0.01,144743 
2019,17,28.4,7,4,20,22.7,34.1,0.01,157493 
2019,10,28.2,8,4,21,22.3,34.1,0.01,160634 
2019,10,28.6,2,4,22,22.2,35.0,0.01,125779 
2019,11,28.4,3,4,23,21.5,35.3,0.01,73065 
2019,18,28.9,4,4,24,21.3,36.4,0.01,70055 
2019,19,28.6,5,4,25,21.7,35.4,10,71141 
2019,19,28.1,6,4,26,21.0,35.1,0.01,77689 
2019,10,27.8,7,4,27,21.3,34.2,0.01,67999 
2019,6,27.9,8,4,28,21.2,34.6,0.01,66997 
2019,6,28.4,2,4,29,22.2,34.5,0.01,67262 
2019,19,27.9,3,4,30,22.1,33.7,0.01,73113 
2019,19,26.8,4,5,1,21.3,34.3,0.01,69808 
2019,17,26.0,5,5,2,22.0,35.0,1,67933 
2019,19,25.8,6,5,3,21.3,34.3,5,68711 
2019,11,25.6,7,5,4,22.2,32.1,3,71045 
2019,6,25.8,8,5,5,21.9,32.0,0.01,72436 
2019,11,26.9,2,5,6,23.2,34.0,0.01,73369 
2019,11,26.3,3,5,7,23.0,32.0,2,68316 
2019,18,25.6,4,5,8,23.5,31.3,1,72835 
2019,17,24.8,5,5,9,22.3,30.1,47,71961 
2019,6,25.6,6,5,10,22.4,30.7,10,78204 
2019,6,24.6,7,5,11,20.7,28.7,20,64388 
2019,10,26.7,8,5,12,22.6,31.5,0.01,77120 
2019,10,26.3,2,5,13,23.3,31.9,0.01,79791 
2019,9,26.5,3,5,14,22.1,32.5,0.01,70593 
2019,10,26.5,4,5,15,23.4,32.0,10,80649 
2019,6,27.1,5,5,16,24.0,32.1,0.01,81036 
2019,6,27.8,6,5,17,24.5,33.0,0.01,79739 
2019,6,27.6,7,5,18,23.3,33.0,0.01,76576 
2019,6,27.8,8,5,19,24.0,33.2,0.01,82501 
2019,19,28.1,2,5,20,23.7,33.3,0.01,75610 
2019,19,27.5,3,5,21,23.9,32.5,0.01,82323 
2019,19,26.3,4,5,22,22.0,33.1,4,79777 
2019,17,26.3,5,5,23,22.1,32.7,6,72929 
2019,10,26.0,6,5,24,22.9,31.5,0.01,73168 
2019,11,26.0,7,5,25,22.3,32.1,1,71706 
2019,19,25.4,8,5,26,21.9,31.2,6,79605 
2019,19,25.2,2,5,27,21.3,31.3,8,71065 
2019,18,26.4,3,5,28,23.0,32.2,0.01,88036 
2019,17,24.9,4,5,29,21.0,30.3,48,90208 
2019,17,25.3,5,5,30,22.4,30.3,1,91979 
2019,17,25.0,6,5,31,21.3,30.7,33,80886 
2019,6,26.2,7,6,1,22.1,31.5,0.01,97884 
2019,6,24.6,8,6,2,21.2,32.3,35,80798 
2019,19,25.7,2,6,3,21.2,32.4,6,71145 
2019,11,25.4,3,6,4,22.6,34.0,25,70808 
2019,19,25.1,4,6,5,21.9,32.1,1,73960 
2019,17,25.6,5,6,6,22.6,32.2,1,72468 
2019,11,26.6,6,6,7,22.8,32.0,0.01,71722 
2019,6,25.5,7,6,8,22.2,30.1,0.01,70977 
2019,19,25.7,8,6,9,23.2,30.2,0.01,72384 
2019,6,26.3,2,6,10,23.0,30.5,0.01,79181 
2019,6,25.8,3,6,11,22.3,29.5,6,85978 
2019,10,25.7,4,6,12,22.3,30.0,1,87621 
2019,19,25.9,5,6,13,22.3,31.2,0.01,74711 
2019,11,25.8,6,6,14,23.7,31.0,1,87144 
2019,8,25.4,7,6,15,22.5,30.2,0.01,92933 
2019,10,24.5,8,6,16,21.6,28.9,8,84224 
2019,10,23.7,2,6,17,22.2,27.5,12,84884 
2019,6,24.7,3,6,18,22.0,29.1,2,80886 
2019,6,26.1,4,6,19,22.8,30.5,0.01,80523 
2019,19,27.0,5,6,20,22.5,32.5,0.01,80161 
2019,11,26.0,6,6,21,22.5,32.7,2,82520 
2019,6,26.0,7,6,22,21.0,33.3,6,82515 
2019,6,25.3,8,6,23,21.3,31.4,15,81984 
2019,10,26.1,2,6,24,23.1,30.9,1,71553 
2019,6,25.5,3,6,25,23.4,30.0,0.01,87144 
2019,6,25.6,4,6,26,22.3,30.5,0.01,87119 
2019,10,25.0,5,6,27,21.8,29.0,16,72662 
2019,6,25.1,6,6,28,24.2,29.7,1,75982 
2019,16,24.7,7,6,29,22.1,27.9,7,70198 
2019,17,24.6,8,6,30,22.2,28.1,1,65388 
2019,7,24.0,,7,1,22.0,27.2,3,59329 
2019,8,24.0,,7,2,22.9,25.4,16,60070 
2019,17,22.8,,7,3,22.2,23.3,6,58734 
2019,19,23.7,,7,4,21.2,26.4,2,58613 
2019,11,24.1,,7,5,22.2,28.0,3,57866 
2019,19,24.1,,7,6,20.5,28.4,1,56849 
2019,19,24.4,,7,7,21.6,28.4,0.01,57293 
2019,19,25.4,,7,8,21.6,30.2,0.01,58248 
2019,19,25.3,,7,9,22.5,29.4,4,60157 
2019,19,25.3,,7,10,22.0,30.2,1,58987 
2019,18,24.8,,7,11,21.2,30.5,0.01,61013 
2019,10,25.3,,7,12,21.5,32.0,0.01,63406 
2019,17,24.8,,7,13,21.3,29.3,0.01,61779 
2019,17,25.2,,7,14,21.1,30.1,0.01,60652 
2019,17,25.5,,7,15,21.3,31.2,0.01,63978 
2019,15,25.4,,7,16,22.3,30.7,8,62324 
2019,11,24.6,,7,17,21.2,29.2,0.01,59110 
2019,18,25.6,,7,18,22.2,29.7,0.01,60122 
2019,19,26.0,,7,19,22.3,31.0,0.01,62312 
2019,19,26.2,,7,20,23.1,31.2,1,62084 
2019,19,25.2,,7,21,22.1,30.2,1,63327 
2019,19,25.3,,7,22,22.2,29.8,2,61713 
2019,19,25.3,,7,23,22.9,30.3,0.01,65391 
2019,17,25.4,,7,24,22.2,30.7,0.01,66127 
2019,17,24.3,,7,25,22.9,28.3,1,61346 
2019,9,24.3,,7,26,21.5,29.5,8,63230 
2019,17,24.0,,7,27,21.9,27.6,1,60877 
2019,17,23.3,,7,28,21.3,26.4,0.01,56534 
2019,8,21.9,,7,29,20.8,23.9,13,57857 
2019,17,23.8,,7,30,20.4,27.1,0.01,56828 
2019,11,,,7,31,0.1,24.2,0.01,58896 
2019,13,,,8,1,22.0,24.5,39.3,57221 
2019,19,,,8,2,21.2,24.2,13.8,57408 
2019,17,,,8,3,21.7,24.2,22.8,56334 
2019,18,,,8,4,22.1,26.6,7.5,57858 
2019,19,,,8,5,21.5,29.0,58.8,58750 
2019,19,,,8,6,21.8,26.8,7.3,56903 
2019,10,,,8,7,22.4,26.2,19.3,57736 
2019,19,,,8,8,22.0,29.0,49.7,58115 
2019,19,,,8,9,22.2,29.8,4.6,59062 
2019,17,,,8,10,22.3,28.1,12.4,57907 
2019,14,,,8,11,22.7,28.6,6.1,57848 
2019,17,,,8,12,23.1,29.2,6.3,57611 
2019,20,,,8,13,22.3,28.4,3.2,57570 
2019,19,,,8,14,23.2,30.3,0.01,60008 
2019,17,,,8,15,22.8,29.2,2.9,58856 
2019,19,,,8,16,23.1,27.9,5.3,57471 
2019,11,,,8,17,22.8,29.1,13.2,56478 
2019,17,,,8,18,21.1,29.9,5.0,59107 
2019,7,,,8,19,21.7,30.3,0.6,61919 
2019,19,,,8,20,22.1,26.2,21.0,59119 
2019,19,,,8,21,21.1,29.0,5.5,58583 
2019,19,,,8,22,21.0,28.0,4.2,57954 
2019,19,,,8,23,21.2,27.3,2.9,57824 
2019,18,,,8,24,21.8,28.1,3.7,56973 
2019,17,,,8,25,21.4,28.7,3.2,56622 
2019,16,,,8,26,22.2,29.4,3.8,58965 
2019,19,,,8,27,22.2,30.0,1.2,59698 
2019,17,,,8,28,22.0,30.1,0.01,59837 
2019,16,,,8,29,21.1,24.5,61.5,58319 
2019,18,,,8,30,21.2,26.8,20.3,56801 
2019,17,,,8,31,21.0,29.2,19.3,55988 
2019,10,,,9,1,21.8,27.9,13.1,56323 
2019,19,,,9,2,21.7,25.0,61.9,55723 
2019,18,,,9,3,21.4,24.5,18.3,57080 
2019,17,,,9,4,21.6,25.5,7.0,58532 
2019,19,,,9,5,21.0,24.1,19.7,56184 
2019,18,,,9,6,21.4,27.4,5.6,54831 
2019,15,,,9,7,22.1,26.7,0.01,54700 
2019,11,,,9,8,22.1,27.0,48.9,54230 
2019,21,,,9,9,20.8,25.5,52.7,54829 
2019,18,,,9,10,21.0,27.1,22.2,56521 
2019,19,,,9,11,20.2,29.3,6.2,58613 
2019,17,,,9,12,20.3,29.7,0.01,59016 
2019,18,,,9,13,20.2,27.0,29.2,56391 
2019,17,,,9,14,20.3,30.6,0.01,58490 
2019,17,,,9,15,19.2,30.2,0.01,58248 
2019,18,,,9,16,21.2,30.7,0.8,58081 
2019,18,,,9,17,19.5,31.2,0.01,58888 
2019,18,,,9,18,20.3,32.1,1.1,60158 
2019,18,,,9,19,21.0,25.3,10.4,59489 
2019,17,,,9,20,20.3,29.3,50.3,56606 
2019,18,,,9,21,21.3,27.1,67.0,58654 
2019,17,,,9,22,20.3,28.2,47.1,54317 
2019,18,,,9,23,19.4,30.3,0.01,56580 
2019,17,,,9,24,19.2,29.9,0.01,57805 
2019,18,,,9,25,19.2,30.5,0.01,58855 
2019,18,,,9,26,22.1,31.2,0.01,55874 
2019,18,,,9,27,18.3,30.6,0.01,59146 
2019,18,,,9,28,19.3,30.1,0.01,60702 
2019,18,,,9,29,18.3,32.2,0.6,62569 
2019,17,,,9,30,21.8,31.3,0.01,62940 
2019,12,,,10,1,21.3,30.1,1.5,60256 
2019,17,,,10,2,20.7,31.3,0.01,59860 
2019,18,,,10,3,20.4,31.3,26.8,59473 
2019,18,,,10,4,20.2,29.0,10.8,58321 
2019,18,,,10,5,19.9,29.8,13.2,55919 
2019,18,,,10,6,19.4,30.3,3.3,57286 
2019,18,,,10,7,20.0,31.5,0.01,58812 
2019,20,,,10,8,20.2,31.3,0.01,59754 
2019,18,,,10,9,20.1,31.7,3.9,61059 
2019,18,,,10,10,19.9,32.2,1.2,61417 
2019,18,,,10,11,21.3,31.3,10.5,59273 
2019,18,,,10,12,19.4,32.0,0.01,58679 
2019,18,,,10,13,19.2,30.3,0.01,58500 
2019,7,,,10,14,19.3,30.9,0.01,59369 
2019,18,,,10,15,21.1,29.1,2.2,61103 
2019,18,,,10,16,21.3,29.2,2.5,59151 
2019,18,,,10,17,20.6,27.2,1.5,57899 
2019,18,,,10,18,19.8,29.0,0.01,61285 
2019,18,,,10,19,21.3,29.3,0.01,59586 
2019,18,,,10,20,19.1,30.1,0.01,60089 
2019,18,,,10,21,20.5,29.8,0.01,62668 
2019,18,,,10,22,17.4,32.1,0.01,66243 
2019,18,,,10,23,19.3,32.7,0.01,69096 
2019,11,,,10,24,20.2,31.9,0.01,68943 
2019,18,,,10,25,19.2,31.4,0.01,71137 
2019,18,,,10,26,18.9,31.4,0.01,72273 
2019,18,,,10,27,20.4,31.5,0.01,72676 
2019,18,,,10,28,20.2,31.4,0.01,73553 
2019,18,,,10,29,18.6,30.2,0.01,73347 
2019,11,,,10,30,19.0,29.0,1.8,70000 
2019,18,,,10,31,21.0,24.7,18.8,61982 
2019,18,,,11,1,21.1,30.0,37.5,65514 
2019,18,,,11,2,20.0,28.3,4.7,65586 
2019,18,,,11,3,21.2,26.5,1.1,65631 
2019,18,,,11,4,19.1,26.0,0.01,67987 
2019,18,,,11,5,17.0,27.0,0.01,72057 
2019,18,,,11,6,18.2,28.5,0.01,68512 
2019,9,,,11,7,19.9,29.2,0.01,69259 
2019,18,,,11,8,16.9,25.5,0.01,70676 
2019,9,,,11,9,15.2,27.2,0.01,70804 
2019,16,,,11,10,17.8,23.3,0.01,69341 
2019,17,,,11,11,19.3,23.0,20.2,72156 
2019,17,,,11,12,19.0,26.1,3.4,71949 
2019,9,,,11,13,17.9,29.4,0.01,74783 
2019,7,,,11,14,20.0,26.9,0.01,75795 
2019,9,,,11,15,19.2,28.1,0.01,75913 
2019,17,,,11,16,16.2,29.2,0.01,78500 
2019,6,,,11,17,17.0,30.1,0.01,76815 
2019,17,,,11,18,19.2,30.0,0.01,76747 
2019,17,,,11,19,15.8,28.1,0.01,79606 
2019,6,,,11,20,16.5,27.2,0.01,77325 
2019,16,,,11,21,15.3,27.6,0.01,76177 
2019,6,,,11,22,14.3,28.1,0.01,80946 
2019,17,,,11,23,13.6,28.5,0.01,79418 
2019,17,,,11,24,16.2,29.2,0.01,80080 
2019,17,,,11,25,17.2,28.4,0.01,91957 
2019,19,,,11,26,20.2,28.2,0.01,97149 
2019,16,,,11,27,20.2,28.7,0.01,87440 
2019,16,,,11,28,21.3,27.8,0.01,89200 
2019,17,,,11,29,21.9,27.5,0.01,88068 
2019,17,,,11,30,19.1,28.1,0.01,82609 
2019,6,,,12,1,18.2,27.6,0.01,109564 
2019,15,,,12,2,16.2,26.2,0.01,109221 
2019,17,,,12,3,19.0,23.8,0.01,103721 
2019,16,,,12,4,12.2,24.9,0.01,103723 
2019,15,,,12,5,12.2,26.5,0.01,106993 
2019,16,,,12,6,13.3,24.6,0.01,106388 
2019,17,,,12,7,14.4,22.4,0.01,104998 
2019,16,,,12,8,13.2,23.5,0.01,106891 
2019,16,,,12,9,10.5,26.0,0.01,106972 
2019,20,,,12,10,11.0,26.5,0.01,107121 
2019,17,,,12,11,11.2,26.5,0.01,108180 
2019,17,,,12,12,12.2,26.7,0.01,108323 
2019,17,,,12,13,15.5,27.2,0.01,101761 
2019,16,,,12,14,17.0,27.4,0.01,108990 
2019,15,,,12,15,19.7,26.6,0.01,109827 
2019,9,,,12,16,17.0,28.5,0.01,112277 
2019,8,,,12,17,16.0,29.3,0.01,114452 
2019,17,,,12,18,14.9,29.5,0.01,113831 
2019,17,,,12,19,16.0,28.5,0.01,113827 
2019,16,,,12,20,15.3,28.5,0.01,113824 
2019,17,,,12,21,13.3,28.5,0.01,115077 
2019,17,,,12,22,14.8,30.2,0.01,112656 
2019,16,,,12,23,14.3,28.4,0.01,114603 
2019,16,,,12,24,14.3,29.5,0.01,113555 
2019,17,,,12,25,13.4,30.2,0.01,107479 
2019,17,,,12,26,14.1,30.0,0.01,114227 
2019,17,,,12,27,14.0,26.1,0.01,108766 
2019,17,,,12,28,14.0,28.2,0.01,110604 
2019,9,,,12,29,13.2,30.3,0.01,110719 
2019,17,,,12,30,18.2,29.8,0.01,108576 
2019,17,,,12,31,16.0,28.3,0.01,110279 
2020,,,,1,1,15.5,29.0,0.01,96977 
2020,,,,1,2,17.3,29.3,0.01,93074 
2020,,,,1,3,19.9,27.8,0.01,119699 
2020,,,,1,4,18.9,27.2,0.01,102124 
2020,,,,1,5,13.7,27.1,0.01,101952 
2020,,,,1,6,12.5,30.2,0.01,101512 
2020,,,,1,7,14.3,29.9,0.01,100944 
2020,,,,1,8,20.0,30.0,0.01,108960 
2020,,,,1,9,16.6,31.3,0.01,112988 
2020,,,,1,10,17.0,32.5,0.01,104172 
2020,,,,1,11,18.2,31.0,0.01,106057 
2020,,,,1,12,19.5,29.7,0.01,97620 
2020,,,,1,13,18.3,28.5,0.01,97738 
2020,,,,1,14,12.3,28.1,0.01,97040 
2020,,,,1,15,10.3,28.3,0.01,112533 
2020,,,,1,16,12.7,30.3,0.01,125153 
2020,,,,1,17,14.7,29.0,0.01,124036 
2020,,,,1,18,14.1,29.2,0.01,139520 
2020,,,,1,19,12.9,28.2,0.01,147939 
2020,,,,1,20,12.3,28.7,0.01,153262 
2020,,,,1,21,12.1,30.7,0.01,146390 
2020,,,,1,22,12.9,32.4,0.01,159886 
2020,,,,1,23,13.4,32.2,0.01,159969 
2020,,,,1,24,14.2,32.1,0.01,131181 
2020,,,,1,25,12.2,30.2,0.01,130401 
2020,,,,1,26,15.0,28.7,0.01,117938 
2020,,,,1,27,16.9,28.9,0.01,109602 
2020,,,,1,28,16.9,29.5,0.01,95297 
2020,,,,1,29,17.3,29.4,0.01,105145 
2020,,,,1,30,17.3,26.0,0.01,96092 
2020,,,,1,31,13.1,26.8,0.01,132597 
2020,,,,2,1,13.2,28.1,0.01,165793 
2020,,,,2,2,12.3,28.4,0.01,180909 
2020,,,,2,3,10.5,30.0,0.01,198960 
2020,,,,2,4,10.8,30.0,0.01,205773 
2020,,,,2,5,10.5,29.1,0.01,210757 
2020,,,,2,6,10.2,30.1,0.01,203013 
2020,,,,2,7,10.9,31.2,0.01,133753 
2020,,,,2,8,13.3,28.2,0.01,121197 
2020,,,,2,9,18.4,26.6,0.01,144482 
2020,,,,2,10,19.0,28.5,0.01,183447 
2020,,,,2,11,17.1,31.3,0.01,153826 
2020,,,,2,12,15.8,31.9,0.01,142185 
2020,,,,2,13,17.0,32.0,0.01,132285 
2020,,,,2,14,18.2,32.0,0.01,129487 
2020,,,,2,15,17.0,32.2,0.01,127052 
2020,,,,2,16,17.1,34.0,0.01,125165 
2020,,,,2,17,20.2,28.7,0.01,138259 
2020,,,,2,18,19.0,26.7,0.01,140427 
2020,,,,2,19,14.3,27.2,0.01,122011 
2020,,,,2,20,12.0,27.0,0.01,142531 
2020,,,,2,21,14.0,27.0,0.01,148551 
2020,,,,2,22,17.9,27.1,0.01,165436 
2020,,,,2,23,17.2,27.5,0.01,153107 
2020,,,,2,24,11.3,28.7,0.01,171563 
2020,,,,2,25,10.3,30.7,0.01,168991 
2020,,,,2,26,14.2,31.4,0.01,161911 
2020,,,,2,27,14.9,30.9,0.01,168231 
2020,,,,2,28,14.2,31.2,0.01,182168 
2020,,,,2,29,14.3,32.6,0.01,174501 
2020,,,,3,1,16.0,32.2,0.01,168009 
2020,,,,3,2,16.5,32.0,0.01,166835 
2020,,,,3,3,15.8,32.3,0.01,172241 
2020,,,,3,4,16.5,33.3,0.01,166049 
2020,,,,3,5,17.5,32.1,0.01,168823 
2020,,,,3,6,18.0,32.2,0.01,173827 
2020,,,,3,7,19.0,33.7,0.01,152003 
2020,,,,3,8,19.9,33.4,0.01,135914 
2020,,,,3,9,19.1,33.3,0.01,159317 
2020,,,,3,10,20.0,35.2,0.01,165080 
2020,,,,3,11,20.7,32.2,0.01,158269 
2020,,,,3,12,17.0,35.0,0.01,154643 
2020,,,,3,13,18.7,34.4,2.2,145305 
2020,,,,3,14,20.8,34.2,0.01,135643 
2020,,,,3,15,21.1,32.4,0.01,133573 
2020,,,,3,16,18.2,31.7,0.01,137613 
2020,,,,3,17,17.3,33.4,0.01,109670 
2020,,,,3,18,15.5,32.4,0.01,151736 
2020,,,,3,19,17.1,33.0,0.01,122907 
2020,,,,3,20,18.2,34.1,0.01,112544 
2020,,,,3,21,15.6,33.9,0.01,116132 
2020,,,,3,22,18.1,34.3,0.01,118289 
2020,,,,3,23,19.1,34.5,0.01,111910 
2020,,,,3,24,19.6,32.0,0.01,109379 
2020,,,,3,25,18.2,32.5,0.01,115188 
2020,,,,3,26,19.0,33.5,0.01,114684 
2020,,,,3,27,19.7,34.3,0.01,120600 
2020,,,,3,28,19.6,35.2,0.01,121515 
2020,,,,3,29,21.2,35.1,0.01,116222 
2020,,,,3,30,20.1,35.0,0.01,105145 
2020,,,,3,31,21.0,34.4,0.01,73706 
2020,,,,4,1,21.2,35.3,0.01,74819 
2020,,,,4,2,17.1,35.1,0.01,78194 
2020,,,,4,3,17.3,35.3,0.01,81936 
2020,,,,4,4,16.8,35.1,0.01,77424 
2020,,,,4,5,16.1,34.4,0.01,80250 
2020,,,,4,6,19.2,32.5,0.01,72058 
2020,,,,4,7,21.2,30.2,0.01,79864 
2020,,,,4,8,20.2,33.3,0.01,82120 
2020,,,,4,9,21.2,32.1,0.01,97074 
2020,,,,4,10,19.8,33.0,0.01,103842 
2020,,,,4,11,19.5,33.2,18.7,97479 
2020,,,,4,12,20.9,33.1,2.0,118452 
2020,,,,4,13,23.2,29.3,0.01,119259 
2020,,,,4,14,20.2,31.8,0.01,110607 
2020,,,,4,15,20.2,31.3,0.01,128687 
2020,,,,4,16,19.2,33.1,0.01,143682 
2020,,,,4,17,20.2,33.7,6.5,158606 
2020,,,,4,18,21.0,33.2,1.3,170189 
2020,,,,4,19,21.7,33.0,0.01,151980 
2020,,,,4,20,22.0,34.7,3.0,165368 
2020,,,,4,21,20.2,35.0,0.7,168666 
2020,,,,4,22,21.0,35.3,1.7,132068 
2020,,,,4,23,20.4,34.5,0.01,76718 
2020,,,,4,24,22.2,33.5,0.01,73557 
2020,,,,4,25,21.2,31.3,0.01,74698 
2020,,,,4,26,21.3,32.7,0.01,81573 
2020,,,,4,27,22.2,32.3,0.01,71399 
2020,,,,4,28,18.0,32.2,0.01,70347 
2020,,,,4,29,18.3,34.2,0.01,70625 
2020,,,,4,30,19.2,34.4,0.01,76769 
2020,,,,5,1,19.3,34.8,0.01,73298 
2020,,,,5,2,21.8,35.2,4.6,71330 
2020,,,,5,3,20.4,34.2,0.01,72146 
2020,,,,5,4,21.2,35.6,0.01,74598 
2020,,,,5,5,22.9,35.2,0.01,76058 
2020,,,,5,6,22.3,34.3,0.01,77037 
2020,,,,5,7,24.0,35.5,0.01,71731 
2020,,,,5,8,24.7,36.5,0.01,76476 
2020,,,,5,9,23.1,36.3,1.7,75559 
2020,,,,5,10,20.4,36.4,0.01,82114 
2020,,,,5,11,21.7,34.4,0.01,67608 
2020,,,,5,12,22.3,37.1,0.3,80976 
2020,,,,5,13,20.7,36.0,0.01,83780 
2020,,,,5,14,22.2,35.2,0.3,74122 
2020,,,,5,15,20.2,34.0,0.01,84681 
2020,,,,5,16,21.9,33.3,0.01,85088 
2020,,,,5,17,22.4,30.6,12.8,83726 
2020,,,,5,18,22.5,33.9,0.01,80405 
2020,,,,5,19,24.1,33.2,0.01,86626 
2020,,,,5,20,23.9,34.3,0.01,79391 
2020,,,,5,21,23.8,32.2,0.01,86439 
2020,,,,5,22,23.2,34.4,0.01,83766 
2020,,,,5,23,22.6,32.5,23.5,76575 
2020,,,,5,24,22.0,30.7,46.3,76827 
2020,,,,5,25,23.2,32.0,0.4,75292 
2020,,,,5,26,23.1,33.2,0.01,83585 
2020,,,,5,27,23.4,33.0,2.4,74618 
2020,,,,5,28,22.5,32.2,0.4,92438 
2020,,,,5,29,23.7,29.0,20.9,94719 
2020,,,,5,30,21.6,32.2,0.01,96578 
2020,,,,5,31,21.3,32.4,0.01,84931 
2020,,,,6,1,21.9,32.1,7.3,82159 
2020,,,,6,2,21.3,32.5,0.2,82183 
2020,,,,6,3,21.0,32.8,0.01,83602 
2020,,,,6,4,23.9,32.5,0.01,80576 
2020,,,,6,5,23.0,32.2,0.01,79039 
2020,,,,6,6,23.2,32.5,0.01,80625 
2020,,,,6,7,24.0,32.2,0.01,82058 
2020,,,,6,8,22.0,33.2,0.01,85857 
2020,,,,6,9,22.2,34.5,0.01,88140 
2020,,,,6,10,22.2,34.7,0.01,83195 
2020,,,,6,11,21.4,32.3,0.01,77182 
2020,,,,6,12,23.5,33.5,0.01,80769 
2020,,,,6,13,22.6,32.3,0.01,81325 
2020,,,,6,14,22.5,32.2,0.01,79223 
2020,,,,6,15,22.5,28.3,0.01,74465 
2020,,,,6,16,22.1,30.1,2.2,71642 
2020,,,,6,17,21.7,29.0,37.4,72647 
2020,,,,6,18,22.0,30.1,1.3,63528 
2020,,,,6,19,22.2,30.7,0.01,80793 
2020,,,,6,20,23.0,31.6,0.01,77856 
2020,,,,6,21,22.2,31.7,0.3,72095 
2020,,,,6,22,21.7,32.5,0.01,74278 
2020,,,,6,23,22.2,32.2,0.01,78295 
2020,,,,6,24,22.2,33.3,0.01,80738 
2020,,,,6,25,23.3,32.2,0.01,77085 
2020,,,,6,26,21.8,32.3,1.5,75059 
2020,,,,6,27,23.0,31.2,4.7,75066 
2020,,,,6,28,22.0,31.0,1.0,71743 
2020,,,,6,29,22.8,28.1,4.4,75205 
2020,,,,6,30,22.1,26.2,1.6,78667 
2020,,,,7,1,22.8,27.3,9.6,69078 
2020,,,,7,2,22.3,29.2,14.3,69360 
2020,,,,7,3,22.5,29.0,9.2,70152 
2020,,,,7,4,23.0,30.2,1.7,68354 
2020,,,,7,5,22.3,32.1,0.01,71693 
2020,,,,7,6,22.3,29.8,4.5,74227 
2020,,,,7,7,22.2,31.0,3.4,74186 
2020,,,,7,8,22.0,32.3,11.5,76380 
2020,,,,7,9,22.9,31.3,0.01,75387 
2020,,,,7,10,22.5,32.4,0.01,76667 
2020,,,,7,11,24.0,32.1,0.01,77685 
2020,,,,7,12,23.0,31.4,0.01,76236 
2020,,,,7,13,22.3,31.0,6.1,74037 
2020,,,,7,14,22.1,30.8,0.01,74603 
2020,,,,7,15,21.3,32.0,0.01,75775 
2020,,,,7,16,22.6,30.8,6.8,77270 
2020,,,,7,17,21.3,30.5,1.4,71372 
2020,,,,7,18,22.0,30.8,0.01,72272 
2020,,,,7,19,21.9,32.0,0.01,71681 
2020,,,,7,20,21.2,32.6,52.6,68165 
2020,,,,7,21,21.2,30.4,7.1,70090 
2020,,,,7,22,22.7,31.3,0.01,73118 
2020,,,,7,23,22.3,32.0,0.01,72893 
2020,,,,7,24,22.2,32.0,0.01,70220 
2020,,,,7,25,23.0,32.1,0.01,73859 
2020,,,,7,26,21.4,32.2,0.01,71300 
2020,,,,7,27,22.2,31.4,0.01,72005 
2020,,,,7,28,21.5,32.7,0.01,72906 
2020,,,,7,29,23.5,32.0,0.01,75536 
2020,,,,7,30,22.1,31.2,18.6,75163 
2020,,,,7,31,21.2,26.2,28.3,73373 
2020,,,,8,1,22.2,25.3,27.0,70631 
2020,,,,8,2,22.1,28.0,88.2,71825 
2020,,,,8,3,22.4,28.4,14.9,72443 
2020,,,,8,4,22.3,28.1,39.3,72811 
2020,,,,8,5,22.2,29.2,0.3,72843 
2020,,,,8,6,22.5,32.1,13.3,73256 
2020,,,,8,7,22.4,30.0,5.4,74318 
2020,,,,8,8,22.4,28.6,4.3,71032 
2020,,,,8,9,22.3,30.3,0.2,70001 
2020,,,,8,10,23.0,28.1,13.4,74432 
2020,,,,8,11,22.5,29.1,17.5,72753 
2020,,,,8,12,23.1,28.7,9.0,73027 
2020,,,,8,13,22.9,28.1,17.5,71971 
2020,,,,8,14,22.0,28.2,2.5,70586 
2020,,,,8,15,22.4,31.2,1.5,70440 
2020,,,,8,16,22.0,31.4,0.01,68992 
2020,,,,8,17,22.2,30.3,0.01,72139 
2020,,,,8,18,20.3,32.2,0.01,75441 
2020,,,,8,19,21.1,28.5,50.4,72325 
2020,,,,8,20,22.4,26.7,58.1,73377 
2020,,,,8,21,22.1,29.3,4.6,71744 
2020,,,,8,22,21.9,30.2,2.6,71186 
2020,,,,8,23,22.0,30.3,0.01,65907 
2020,,,,8,24,21.8,30.5,0.2,126414 
2020,,,,8,25,21.5,32.2,0.01,74219 
2020,,,,8,26,22.2,32.3,0.01,75727 
2020,,,,8,27,23.3,27.1,13.1,88875 
2020,,,,8,28,22.3,27.0,6.1,72526 
2020,,,,8,29,21.7,31.4,0.01,72076 
2020,,,,8,30,22.1,30.3,0.01,72538 
2020,,,,8,31,21.7,31.9,0.2,72520 
2020,,,,9,1,21.6,31.5,10.0,72433 
2020,,,,9,2,20.6,30.2,14.0,69457 
2020,,,,9,3,22.1,31.6,0.7,90168 
2020,,,,9,4,22.0,31.5,3.0,72938 
2020,,,,9,5,22.4,32.0,0.01,74195 
2020,,,,9,6,21.4,31.0,4.3,71646 
2020,,,,9,7,21.5,31.3,2.8,73364 
2020,,,,9,8,21.3,32.3,0.2,72580 
2020,,,,9,9,22.2,33.3,1.4,71254 
2020,,,,9,10,21.2,31.9,0.2,72704 
2020,,,,9,11,22.2,31.0,0.01,73198 
2020,,,,9,12,22.6,31.3,6.8,73064 
2020,,,,9,13,21.3,32.0,1.7,72316 
2020,,,,9,14,21.2,32.3,16.2,72508 
2020,,,,9,15,21.3,30.7,0.2,73109 
2020,,,,9,16,22.2,30.6,0.9,74421 
2020,,,,9,17,22.8,26.3,14.8,74554 
2020,,,,9,18,21.2,22.4,24.0,70614 
2020,,,,9,19,21.6,26.0,13.0,65975 
2020,,,,9,20,21.4,27.2,0.6,67511 
2020,,,,9,21,22.2,31.0,36.4,71944 
2020,,,,9,22,21.8,31.1,1.5,71292 
2020,,,,9,23,22.1,31.2,7.8,69146 
2020,,,,9,24,21.2,30.7,0.01,115029 
2020,,,,9,25,22.1,31.0,0.01,70220 
2020,,,,9,26,22.1,27.0,12.0,67870 
2020,,,,9,27,21.3,28.4,0.01,69182 
2020,,,,9,28,21.0,31.9,0.01,70316 
2020,,,,9,29,22.1,28.3,5.5,68559 
2020,,,,9,30,22.2,29.3,0.01,70488 
